map10,ucs,141.48097038856278,1.6942954063415527,ucs,1.0
map10,astar,141.48097038856278,1.7918682098388672,euclid_adm,1.0
map10,weighted_astar,141.48097038856278,1.809342384338379,euclid_adm,1.5
map10,weighted_astar,141.97361107568207,1.8045315742492676,euclid_adm,2.0
map10,astar,154.97234841721132,0.0862276554107666,manhattan,1.0
map10,weighted_astar,227.61984104714463,0.022319793701171875,manhattan,1.5
map10,weighted_astar,231.0622292025698,0.02169036865234375,manhattan,2.0
map10,astar,141.48097038856278,1.758606195449829,chebyshev,1.0
map10,weighted_astar,141.48097038856278,1.7699334621429443,chebyshev,1.5
map10,weighted_astar,141.48097038856278,1.7663476467132568,chebyshev,2.0
map10,astar,142.54467888754758,0.28231382369995117,euclidean,1.0
map10,weighted_astar,177.18302653586608,0.027199745178222656,euclidean,1.5
map10,weighted_astar,189.33189014324236,0.02407217025756836,euclidean,2.0
map10,astar,207.56958851545036,0.02143692970275879,dist_squared,1.0
map10,weighted_astar,207.56958851545036,0.021355152130126953,dist_squared,1.5
map10,weighted_astar,207.56958851545036,0.021278858184814453,dist_squared,2.0
map17,ucs,59.29594154601838,0.6264181137084961,ucs,1.0
map17,astar,59.29594154601838,0.44521474838256836,euclid_adm,1.0
map17,weighted_astar,59.29594154601838,0.26972317695617676,euclid_adm,1.5
map17,weighted_astar,59.37436867076457,0.2023944854736328,euclid_adm,2.0
map17,astar,76.72665940288698,0.018526315689086914,manhattan,1.0
map17,weighted_astar,113.97045442950491,0.011489629745483398,manhattan,1.5
map17,weighted_astar,117.0488815542511,0.011279821395874023,manhattan,2.0
map17,astar,59.29594154601838,0.8372414112091064,chebyshev,1.0
map17,weighted_astar,59.29594154601838,0.883927583694458,chebyshev,1.5
map17,weighted_astar,59.29594154601838,0.9067182540893555,chebyshev,2.0
map17,astar,76.72665940288698,0.08227133750915527,euclidean,1.0
map17,weighted_astar,105.1028137423856,0.012244701385498047,euclidean,1.5
map17,weighted_astar,111.17756121069148,0.011769771575927734,euclidean,2.0
map17,astar,115.08073580374347,0.01085519790649414,dist_squared,1.0
map17,weighted_astar,115.08073580374347,0.010821342468261719,dist_squared,1.5
map17,weighted_astar,115.08073580374347,0.010885953903198242,dist_squared,2.0
map05,ucs,122.5165042944955,1.4730098247528076,ucs,1.0
map05,astar,122.5165042944955,1.359717607498169,euclid_adm,1.0
map05,weighted_astar,122.5165042944955,1.312682867050171,euclid_adm,1.5
map05,weighted_astar,123.33757210636097,1.3028674125671387,euclid_adm,2.0
map05,astar,147.31727983645308,0.22232961654663086,manhattan,1.0
map05,weighted_astar,167.4667747730648,0.036789655685424805,manhattan,1.5
map05,weighted_astar,173.420201897811,0.01648426055908203,manhattan,2.0
map05,astar,123.99442635585334,1.0035197734832764,chebyshev,1.0
map05,weighted_astar,129.59240610229995,0.8343913555145264,chebyshev,1.5
map05,weighted_astar,139.24926035179234,0.7383923530578613,chebyshev,2.0
map05,astar,130.8644840409421,0.532862663269043,euclidean,1.0
map05,weighted_astar,151.59545442950505,0.08545804023742676,euclidean,1.5
map05,weighted_astar,151.83809511662434,0.01684093475341797,euclidean,2.0
map05,astar,170.30865786510162,0.015065431594848633,dist_squared,1.0
map05,weighted_astar,170.30865786510162,0.015015602111816406,dist_squared,1.5
map05,weighted_astar,170.30865786510162,0.015001058578491211,dist_squared,2.0
map43,ucs,76.39455262170046,1.0900969505310059,ucs,1.0
map43,astar,76.39455262170046,0.7260446548461914,euclid_adm,1.0
map43,weighted_astar,76.39455262170046,0.41049933433532715,euclid_adm,1.5
map43,weighted_astar,76.39455262170046,0.2151801586151123,euclid_adm,2.0
map43,astar,79.97513523928454,0.05235791206359863,manhattan,1.0
map43,weighted_astar,178.72781374238562,0.021878719329833984,manhattan,1.5
map43,weighted_astar,180.97045442950488,0.01941370964050293,manhattan,2.0
map43,astar,76.39455262170046,1.0105054378509521,chebyshev,1.0
map43,weighted_astar,76.39455262170046,0.9865319728851318,chebyshev,1.5
map43,weighted_astar,76.39455262170046,0.9742803573608398,chebyshev,2.0
map43,astar,105.58326112068518,0.12642669677734375,euclidean,1.0
map43,weighted_astar,93.6690475583121,0.021616697311401367,euclidean,1.5
map43,weighted_astar,123.69722215136414,0.018758058547973633,euclidean,2.0
map43,astar,174.54520189781073,0.017958641052246094,dist_squared,1.0
map43,weighted_astar,174.54520189781073,0.017978429794311523,dist_squared,1.5
map43,weighted_astar,174.54520189781073,0.01798844337463379,dist_squared,2.0
map36,ucs,86.28858223313766,1.1981534957885742,ucs,1.0
map36,astar,86.28858223313766,0.8776500225067139,euclid_adm,1.0
map36,weighted_astar,86.28858223313766,0.7340714931488037,euclid_adm,1.5
map36,weighted_astar,86.28858223313766,0.6223247051239014,euclid_adm,2.0
map36,astar,119.75609665440984,0.09452509880065918,manhattan,1.0
map36,weighted_astar,126.54772721475244,0.015835046768188477,manhattan,1.5
map36,weighted_astar,127.37615433949864,0.015353202819824219,manhattan,2.0
map36,astar,119.75609665440984,0.1636340618133545,chebyshev,1.0
map36,weighted_astar,128.7045814642448,0.021027565002441406,chebyshev,1.5
map36,weighted_astar,130.86143571373722,0.02483963966369629,chebyshev,2.0
map36,astar,119.75609665440984,0.17748379707336426,euclidean,1.0
map36,weighted_astar,131.09797974644664,0.016544580459594727,euclidean,1.5
map36,weighted_astar,124.61269837220806,0.014559507369995117,euclidean,2.0
map36,astar,127.37615433949864,0.014570951461791992,dist_squared,1.0
map36,weighted_astar,127.37615433949864,0.01455068588256836,dist_squared,1.5
map36,weighted_astar,127.37615433949864,0.014542579650878906,dist_squared,2.0
map09,ucs,123.1807178568686,1.4307918548583984,ucs,1.0
map09,astar,123.1807178568686,1.4006550312042236,euclid_adm,1.0
map09,weighted_astar,123.1807178568686,1.2413463592529297,euclid_adm,1.5
map09,weighted_astar,124.57285348059953,1.2332613468170166,euclid_adm,2.0
map09,astar,160.06727983645305,0.19525980949401855,manhattan,1.0
map09,weighted_astar,214.66031726798897,0.027367830276489258,manhattan,1.5
map09,weighted_astar,216.48874439273519,0.025610685348510742,manhattan,2.0
map09,astar,127.75178566873406,1.3365647792816162,chebyshev,1.0
map09,weighted_astar,131.42819253992684,1.23976469039917,chebyshev,1.5
map09,weighted_astar,133.91347391416545,1.1728382110595703,chebyshev,2.0
map09,astar,137.03174593052023,0.3543243408203125,euclidean,1.0
map09,weighted_astar,177.58556979968282,0.022156953811645508,euclidean,1.5
map09,weighted_astar,176.7571426749366,0.02187180519104004,euclidean,2.0
map09,astar,186.73506473629453,0.021581649780273438,dist_squared,1.0
map09,weighted_astar,186.73506473629453,0.021585702896118164,dist_squared,1.5
map09,weighted_astar,186.73506473629453,0.02143692970275879,dist_squared,2.0
map25,ucs,119.4809703885628,1.7245793342590332,ucs,1.0
map25,astar,119.4809703885628,1.342928171157837,euclid_adm,1.0
map25,weighted_astar,119.4809703885628,1.0586464405059814,euclid_adm,1.5
map25,weighted_astar,120.46625176280135,0.9062337875366211,euclid_adm,2.0
map25,astar,134.3387264458597,0.029636859893798828,manhattan,1.0
map25,weighted_astar,201.45079348883257,0.026806116104125977,manhattan,1.5
map25,weighted_astar,202.27922061357884,0.02395343780517578,manhattan,2.0
map25,astar,133.66321240903386,0.23205304145812988,chebyshev,1.0
map25,weighted_astar,141.19837649086287,0.06593585014343262,chebyshev,1.5
map25,weighted_astar,214.9556274847716,0.2413325309753418,chebyshev,2.0
map25,astar,131.13503781598183,0.12654995918273926,euclidean,1.0
map25,weighted_astar,162.24862902255708,0.024149656295776367,euclidean,1.5
map25,weighted_astar,137.88466799187808,0.022624969482421875,euclidean,2.0
map25,astar,206.0426765808692,0.021726369857788086,dist_squared,1.0
map25,weighted_astar,206.0426765808692,0.02145981788635254,dist_squared,1.5
map25,weighted_astar,206.0426765808692,0.021660804748535156,dist_squared,2.0
map23,ucs,104.05813485483812,1.8161280155181885,ucs,1.0
map23,astar,104.05813485483812,2.0197975635528564,euclid_adm,1.0
map23,weighted_astar,104.05813485483812,1.9449245929718018,euclid_adm,1.5
map23,weighted_astar,104.05813485483812,1.7264811992645264,euclid_adm,2.0
map23,astar,111.41599923110715,0.039507150650024414,manhattan,1.0
map23,weighted_astar,179.98264773832506,0.020138978958129883,manhattan,1.5
map23,weighted_astar,189.0929291125637,0.019069194793701172,manhattan,2.0
map23,astar,115.47970773009189,1.5643794536590576,chebyshev,1.0
map23,weighted_astar,113.85013523928451,1.2832403182983398,chebyshev,1.5
map23,weighted_astar,113.85013523928451,1.125532627105713,chebyshev,2.0
map23,astar,104.90432893255067,0.1861124038696289,euclidean,1.0
map23,weighted_astar,112.96067811865468,0.024085044860839844,euclidean,1.5
map23,weighted_astar,168.3502884254442,0.018339157104492188,euclidean,2.0
map23,astar,170.13582233137697,0.01785588264465332,dist_squared,1.0
map23,weighted_astar,170.13582233137697,0.017937421798706055,dist_squared,1.5
map23,weighted_astar,170.13582233137697,0.018305540084838867,dist_squared,2.0
map44,ucs,114.19848480983497,1.4572970867156982,ucs,1.0
map44,astar,114.19848480983497,1.147449254989624,euclid_adm,1.0
map44,weighted_astar,114.19848480983497,1.0399770736694336,euclid_adm,1.5
map44,weighted_astar,114.69112549695424,0.9384164810180664,euclid_adm,2.0
map44,astar,120.28668824543139,0.04979658126831055,manhattan,1.0
map44,weighted_astar,144.5243866176394,0.015535116195678711,manhattan,1.5
map44,weighted_astar,148.0746391493336,0.014962434768676758,manhattan,2.0
map44,astar,117.39823227814078,0.38923096656799316,chebyshev,1.0
map44,weighted_astar,135.19837649086276,0.354388952255249,chebyshev,1.5
map44,weighted_astar,147.79393923933992,0.3271758556365967,chebyshev,2.0
map44,astar,116.41295090390223,0.15425872802734375,euclidean,1.0
map44,weighted_astar,117.89087296526006,0.014231443405151367,euclidean,1.5
map44,weighted_astar,119.54772721475244,0.013536453247070312,euclidean,2.0
map44,astar,138.86753236814704,0.013809919357299805,dist_squared,1.0
map44,weighted_astar,138.86753236814704,0.013808012008666992,dist_squared,1.5
map44,weighted_astar,138.86753236814704,0.014121532440185547,dist_squared,2.0
map16,ucs,86.91726188957803,1.5906603336334229,ucs,1.0
map16,astar,86.91726188957803,1.2248115539550781,euclid_adm,1.0
map16,weighted_astar,86.91726188957803,0.887718677520752,euclid_adm,1.5
map16,weighted_astar,86.91726188957803,0.5161712169647217,euclid_adm,2.0
map16,astar,109.78427124746186,0.07697010040283203,manhattan,1.0
map16,weighted_astar,131.1690475583121,0.019605636596679688,manhattan,1.5
map16,weighted_astar,134.89696961966996,0.014094829559326172,manhattan,2.0
map16,astar,106.55939751330895,0.15440821647644043,chebyshev,1.0
map16,weighted_astar,134.21067811865467,0.024251222610473633,chebyshev,1.5
map16,weighted_astar,135.86753236814704,0.019257545471191406,chebyshev,2.0
map16,astar,89.08147545195112,0.0917062759399414,euclidean,1.0
map16,weighted_astar,122.02691193458116,0.014653444290161133,euclidean,1.5
map16,weighted_astar,127.2340187157677,0.013343572616577148,euclidean,2.0
map16,astar,134.89696961966996,0.013389825820922852,dist_squared,1.0
map16,weighted_astar,134.89696961966996,0.013406991958618164,dist_squared,1.5
map16,weighted_astar,134.89696961966996,0.01336669921875,dist_squared,2.0
map03,ucs,107.64823227814082,1.1086995601654053,ucs,1.0
map03,astar,107.64823227814082,0.9770662784576416,euclid_adm,1.0
map03,weighted_astar,107.64823227814082,0.8170695304870605,euclid_adm,1.5
map03,weighted_astar,109.29036790187175,0.6731719970703125,euclid_adm,2.0
map03,astar,116.04772721475247,0.17099213600158691,manhattan,1.0
map03,weighted_astar,132.2253967444162,0.032731056213378906,manhattan,1.5
map03,weighted_astar,140.98275605729697,0.01399374008178711,manhattan,2.0
map03,astar,121.12489168102775,0.3014950752258301,chebyshev,1.0
map03,weighted_astar,135.86143571373725,0.13197970390319824,chebyshev,1.5
map03,weighted_astar,146.7756492761104,0.09120702743530273,chebyshev,2.0
map03,astar,109.29036790187175,0.20368695259094238,euclidean,1.0
map03,weighted_astar,131.52323227814082,0.09730935096740723,euclidean,1.5
map03,weighted_astar,132.66295090390227,0.012488126754760742,euclidean,2.0
map03,astar,141.1898628384835,0.013336181640625,dist_squared,1.0
map03,weighted_astar,141.1898628384835,0.013053655624389648,dist_squared,1.5
map03,weighted_astar,141.1898628384835,0.012976884841918945,dist_squared,2.0
map46,ucs,77.82995128834864,1.3410851955413818,ucs,1.0
map46,astar,77.82995128834864,0.7616376876831055,euclid_adm,1.0
map46,weighted_astar,77.82995128834864,0.37642383575439453,euclid_adm,1.5
map46,weighted_astar,77.82995128834864,0.12935209274291992,euclid_adm,2.0
map46,astar,133.41473657263634,0.04933476448059082,manhattan,1.0
map46,weighted_astar,185.2155121145939,0.02956557273864746,manhattan,1.5
map46,weighted_astar,193.52186130069788,0.025246858596801758,manhattan,2.0
map46,astar,88.15101910021411,0.5572879314422607,chebyshev,1.0
map46,weighted_astar,166.67692988145623,0.8357043266296387,chebyshev,1.5
map46,weighted_astar,185.53531726798866,0.6063389778137207,chebyshev,2.0
map46,astar,77.82995128834864,0.1196737289428711,euclidean,1.0
map46,weighted_astar,163.2847942577253,0.021698951721191406,euclidean,1.5
map46,weighted_astar,157.87058069535223,0.020003318786621094,euclidean,2.0
map46,astar,192.93607486307096,0.019495010375976562,dist_squared,1.0
map46,weighted_astar,192.93607486307096,0.01946735382080078,dist_squared,1.5
map46,weighted_astar,192.93607486307096,0.019580602645874023,dist_squared,2.0
map40,ucs,79.06675682618967,1.4771239757537842,ucs,1.0
map40,astar,79.06675682618967,1.2308118343353271,euclid_adm,1.0
map40,weighted_astar,80.42462120245874,0.9371278285980225,euclid_adm,1.5
map40,weighted_astar,81.7383297014435,0.6686217784881592,euclid_adm,2.0
map40,astar,87.40863991822644,0.03871488571166992,manhattan,1.0
map40,weighted_astar,166.62236636408608,0.015165090560913086,manhattan,1.5
map40,weighted_astar,164.16525958289952,0.01488184928894043,manhattan,2.0
map40,astar,84.63046532517441,0.10597014427185059,chebyshev,1.0
map40,weighted_astar,114.16042558696053,0.01800060272216797,chebyshev,1.5
map40,weighted_astar,119.6922798364529,0.017109155654907227,chebyshev,2.0
map40,astar,84.63046532517441,0.11786890029907227,euclidean,1.0
map40,weighted_astar,108.26093065034887,0.017771244049072266,euclidean,1.5
map40,weighted_astar,121.2707069611991,0.015362024307250977,euclidean,2.0
map40,astar,169.02922061357842,0.014851093292236328,dist_squared,1.0
map40,weighted_astar,169.02922061357842,0.015035629272460938,dist_squared,1.5
map40,weighted_astar,169.02922061357842,0.015123128890991211,dist_squared,2.0
map30,ucs,97.85533905932736,1.0330934524536133,ucs,1.0
map30,astar,97.85533905932736,0.9060516357421875,euclid_adm,1.0
map30,weighted_astar,97.85533905932736,0.8480947017669678,euclid_adm,1.5
map30,weighted_astar,97.85533905932736,0.672884464263916,euclid_adm,2.0
map30,astar,98.4558441227157,0.07149171829223633,manhattan,1.0
map30,weighted_astar,166.79761889578023,0.02074742317199707,manhattan,1.5
map30,weighted_astar,183.43975451951115,0.01818561553955078,manhattan,2.0
map30,astar,97.85533905932736,1.0217854976654053,chebyshev,1.0
map30,weighted_astar,97.85533905932736,1.020878553390503,chebyshev,1.5
map30,weighted_astar,97.85533905932736,1.0447213649749756,chebyshev,2.0
map30,astar,97.85533905932736,0.18034744262695312,euclidean,1.0
map30,weighted_astar,106.91778489984125,0.020259857177734375,euclidean,1.5
map30,weighted_astar,120.13834764831833,0.016625165939331055,euclidean,2.0
map30,astar,179.82668632319925,0.01656937599182129,dist_squared,1.0
map30,weighted_astar,194.10486091625123,0.016611814498901367,dist_squared,1.5
map30,weighted_astar,197.69585117392094,0.016866207122802734,dist_squared,2.0
map28,ucs,70.4423881554251,0.8573033809661865,ucs,1.0
map28,astar,70.4423881554251,0.5236508846282959,euclid_adm,1.0
map28,weighted_astar,70.4423881554251,0.43518829345703125,euclid_adm,1.5
map28,weighted_astar,70.93502884254438,0.3530466556549072,euclid_adm,2.0
map28,astar,117.88719330881975,0.12265396118164062,manhattan,1.0
map28,weighted_astar,156.36143571373734,0.02756786346435547,manhattan,1.5
map28,weighted_astar,166.6040764008567,0.016168594360351562,manhattan,2.0
map28,astar,114.90432893255065,0.19249439239501953,chebyshev,1.0
map28,weighted_astar,147.29036790187183,0.01745319366455078,chebyshev,1.5
map28,weighted_astar,160.8467170879759,0.013681173324584961,chebyshev,2.0
map28,astar,71.84924240491749,0.19135642051696777,euclidean,1.0
map28,weighted_astar,121.82222215136412,0.019291162490844727,euclidean,1.5
map28,weighted_astar,134.7156204335659,0.015439987182617188,euclidean,2.0
map28,astar,168.6751442127222,0.01482081413269043,dist_squared,1.0
map28,weighted_astar,171.08935777509527,0.014852046966552734,dist_squared,1.5
map28,weighted_astar,171.08935777509527,0.014671564102172852,dist_squared,2.0
map02,ucs,115.59797974644665,1.4239165782928467,ucs,1.0
map02,astar,115.59797974644665,1.172959566116333,euclid_adm,1.0
map02,weighted_astar,115.59797974644665,0.9714992046356201,euclid_adm,1.5
map02,weighted_astar,115.59797974644665,0.810199499130249,euclid_adm,2.0
map02,astar,132.41904755831212,0.1558692455291748,manhattan,1.0
map02,weighted_astar,157.18986283848355,0.036370277404785156,manhattan,1.5
map02,weighted_astar,161.05382386916253,0.01845073699951172,manhattan,2.0
map02,astar,129.42640687119285,0.21277236938476562,chebyshev,1.0
map02,weighted_astar,152.43250352560284,0.0364992618560791,chebyshev,1.5
map02,weighted_astar,161.18986283848363,0.01508784294128418,chebyshev,2.0
map02,astar,115.59797974644665,0.2157444953918457,euclidean,1.0
map02,weighted_astar,145.81118318204307,0.09231233596801758,euclidean,1.5
map02,weighted_astar,153.59797974644673,0.015520811080932617,euclidean,2.0
map02,astar,159.98885271170695,0.01518392562866211,dist_squared,1.0
map02,weighted_astar,159.98885271170695,0.015271902084350586,dist_squared,1.5
map02,weighted_astar,159.98885271170695,0.01515817642211914,dist_squared,2.0
map07,ucs,54.28553390593274,0.7069122791290283,ucs,1.0
map07,astar,54.28553390593274,0.5594336986541748,euclid_adm,1.0
map07,weighted_astar,54.28553390593274,0.4150059223175049,euclid_adm,1.5
map07,weighted_astar,54.61396103067892,0.2770040035247803,euclid_adm,2.0
map07,astar,67.75609665440986,0.015978097915649414,manhattan,1.0
map07,weighted_astar,117.32590180780444,0.014386177062988281,manhattan,1.5
map07,weighted_astar,118.15432893255063,0.013773679733276367,manhattan,2.0
map07,astar,75.34924240491749,0.2921020984649658,chebyshev,1.0
map07,weighted_astar,107.63225099390849,0.1783299446105957,chebyshev,1.5
map07,weighted_astar,112.4104255869605,0.13090825080871582,chebyshev,2.0
map07,astar,66.34924240491749,0.04191422462463379,euclidean,1.0
map07,weighted_astar,76.17031021678297,0.013643503189086914,euclidean,1.5
map07,weighted_astar,78.65559159102152,0.013600587844848633,euclidean,2.0
map07,astar,118.15432893255063,0.013602972030639648,dist_squared,1.0
map07,weighted_astar,118.15432893255063,0.013529300689697266,dist_squared,1.5
map07,weighted_astar,118.15432893255063,0.01353764533996582,dist_squared,2.0
map01,ucs,61.48832970144352,0.6622822284698486,ucs,1.0
map01,astar,61.48832970144352,0.44320130348205566,euclid_adm,1.0
map01,weighted_astar,61.48832970144352,0.30916357040405273,euclid_adm,1.5
map01,weighted_astar,61.48832970144352,0.1610279083251953,euclid_adm,2.0
map01,astar,71.7665042944955,0.01998305320739746,manhattan,1.0
map01,weighted_astar,127.38466799187802,0.012244224548339844,manhattan,1.5
map01,weighted_astar,130.50230867899728,0.012180089950561523,manhattan,2.0
map01,astar,61.48832970144352,1.4793956279754639,chebyshev,1.0
map01,weighted_astar,61.48832970144352,1.5372402667999268,chebyshev,1.5
map01,weighted_astar,61.48832970144352,1.591151237487793,chebyshev,2.0
map01,astar,61.48832970144352,0.03772377967834473,euclidean,1.0
map01,weighted_astar,104.08199846221436,0.014199972152709961,euclidean,1.5
map01,weighted_astar,109.56727983645294,0.013054370880126953,euclidean,2.0
map01,astar,136.9446968344224,0.012444257736206055,dist_squared,1.0
map01,weighted_astar,136.9446968344224,0.012347221374511719,dist_squared,1.5
map01,weighted_astar,136.9446968344224,0.01237034797668457,dist_squared,2.0
map13,ucs,83.4883297014435,1.1404635906219482,ucs,1.0
map13,astar,83.4883297014435,0.9076869487762451,euclid_adm,1.0
map13,weighted_astar,83.4883297014435,0.8438584804534912,euclid_adm,1.5
map13,weighted_astar,83.4883297014435,0.6498894691467285,euclid_adm,2.0
map13,astar,90.79467888754752,0.034279584884643555,manhattan,1.0
map13,weighted_astar,133.51944430272823,0.014066219329833984,manhattan,1.5
map13,weighted_astar,142.7473663640862,0.013306856155395508,manhattan,2.0
map13,astar,83.4883297014435,1.2872517108917236,chebyshev,1.0
map13,weighted_astar,83.4883297014435,1.2997395992279053,chebyshev,1.5
map13,weighted_astar,83.4883297014435,1.3148555755615234,chebyshev,2.0
map13,astar,88.08021279348026,0.06363058090209961,euclidean,1.0
map13,weighted_astar,116.56727983645285,0.01726984977722168,euclidean,1.5
map13,weighted_astar,123.11259005323586,0.015040874481201172,euclidean,2.0
map13,astar,141.87236636408616,0.013278484344482422,dist_squared,1.0
map13,weighted_astar,141.87236636408616,0.013274431228637695,dist_squared,1.5
map13,weighted_astar,141.87236636408616,0.013370752334594727,dist_squared,2.0
map35,ucs,125.06828098979214,1.542168140411377,ucs,1.0
map35,astar,125.06828098979214,1.4000167846679688,euclid_adm,1.0
map35,weighted_astar,125.06828098979214,1.3291246891021729,euclid_adm,1.5
map35,weighted_astar,125.23249455216524,1.3128230571746826,euclid_adm,2.0
map35,astar,168.03795090390224,0.11992621421813965,manhattan,1.0
map35,weighted_astar,212.85880207782373,0.02472662925720215,manhattan,1.5
map35,weighted_astar,216.27301564019686,0.023511409759521484,manhattan,2.0
map35,astar,150.14087296526006,1.4134013652801514,chebyshev,1.0
map35,weighted_astar,150.96930009000627,1.2990915775299072,chebyshev,1.5
map35,weighted_astar,151.98706704297263,1.174433708190918,chebyshev,2.0
map35,astar,156.45458146424482,0.4137852191925049,euclidean,1.0
map35,weighted_astar,182.13582233137706,0.026630878448486328,euclidean,1.5
map35,weighted_astar,201.9164139223987,0.022714853286743164,euclidean,2.0
map35,astar,209.18722920256994,0.020430326461791992,dist_squared,1.0
map35,weighted_astar,209.18722920256994,0.020587444305419922,dist_squared,1.5
map35,weighted_astar,209.18722920256994,0.020816802978515625,dist_squared,2.0
map04,ucs,50.53553390593274,0.9415576457977295,ucs,1.0
map04,astar,50.53553390593274,0.48950982093811035,euclid_adm,1.0
map04,weighted_astar,50.53553390593274,0.26705503463745117,euclid_adm,1.5
map04,weighted_astar,50.86396103067892,0.18990325927734375,euclid_adm,2.0
map04,astar,76.15254326381657,0.0190887451171875,manhattan,1.0
map04,weighted_astar,119.81854249492369,0.01516580581665039,manhattan,1.5
map04,weighted_astar,121.47539674441606,0.01532745361328125,manhattan,2.0
map04,astar,57.889087296526014,0.7946219444274902,chebyshev,1.0
map04,weighted_astar,68.95889244992064,0.7484130859375,chebyshev,1.5
map04,weighted_astar,73.07590180780447,0.7460954189300537,chebyshev,2.0
map04,astar,61.1850288425444,0.038710832595825195,euclidean,1.0
map04,weighted_astar,76.92945519839776,0.015653133392333984,euclidean,1.5
map04,weighted_astar,80.89696961966993,0.014534711837768555,euclidean,2.0
map04,astar,116.22539674441606,0.014481782913208008,dist_squared,1.0
map04,weighted_astar,116.22539674441606,0.014596223831176758,dist_squared,1.5
map04,weighted_astar,116.22539674441606,0.014028549194335938,dist_squared,2.0
map22,ucs,125.14823227814078,1.8163411617279053,ucs,1.0
map22,astar,125.14823227814078,1.919625997543335,euclid_adm,1.0
map22,weighted_astar,125.14823227814078,1.9303855895996094,euclid_adm,1.5
map22,weighted_astar,128.76093065034883,1.9249718189239502,euclid_adm,2.0
map22,astar,157.093668760771,0.11583971977233887,manhattan,1.0
map22,weighted_astar,205.29520189781113,0.026767253875732422,manhattan,1.5
map22,weighted_astar,212.53784258493044,0.022767066955566406,manhattan,2.0
map22,astar,140.71346494072807,0.391160249710083,chebyshev,1.0
map22,weighted_astar,187.912211255695,0.23944544792175293,chebyshev,1.5
map22,weighted_astar,210.21209396328533,0.21001911163330078,chebyshev,2.0
map22,astar,136.16904755831212,0.16455459594726562,euclidean,1.0
map22,weighted_astar,167.48275605729697,0.02073073387145996,euclidean,1.5
map22,weighted_astar,169.72539674441632,0.020586013793945312,euclidean,2.0
map22,astar,207.72287142747481,0.02095341682434082,dist_squared,1.0
map22,weighted_astar,213.41525958289992,0.02103281021118164,dist_squared,1.5
map22,weighted_astar,213.41525958289992,0.021150827407836914,dist_squared,2.0
map21,ucs,82.53211575462399,1.338244915008545,ucs,1.0
map21,astar,82.53211575462399,0.8564398288726807,euclid_adm,1.0
map21,weighted_astar,82.53211575462399,0.6603977680206299,euclid_adm,1.5
map21,weighted_astar,82.53211575462399,0.47681665420532227,euclid_adm,2.0
map21,astar,109.48249455216525,0.11873054504394531,manhattan,1.0
map21,weighted_astar,126.46409626996345,0.01763176918029785,manhattan,1.5
map21,weighted_astar,142.51093065034885,0.014887332916259766,manhattan,2.0
map21,astar,86.68376618407353,1.1027703285217285,chebyshev,1.0
map21,weighted_astar,116.84608575874037,1.056384801864624,chebyshev,1.5
map21,weighted_astar,120.23822138247127,0.8321466445922852,chebyshev,2.0
map21,astar,86.04467888754753,0.09941768646240234,euclidean,1.0
map21,weighted_astar,127.29036790187175,0.01668071746826172,euclidean,1.5
map21,weighted_astar,131.87615433949864,0.01311039924621582,euclidean,2.0
map21,astar,148.5746391493336,0.013511419296264648,dist_squared,1.0
map21,weighted_astar,149.9888527117067,0.013497352600097656,dist_squared,1.5
map21,weighted_astar,149.9888527117067,0.013670921325683594,dist_squared,2.0
map20,ucs,101.35965004500312,1.7702219486236572,ucs,1.0
map20,astar,101.35965004500312,1.813248872756958,euclid_adm,1.0
map20,weighted_astar,101.35965004500312,1.743021011352539,euclid_adm,1.5
map20,weighted_astar,101.6880771697493,1.2838413715362549,euclid_adm,2.0
map20,astar,145.35165940288704,0.27597570419311523,manhattan,1.0
map20,weighted_astar,198.53226894078398,0.028910160064697266,manhattan,1.5
map20,weighted_astar,204.1891231902764,0.022002220153808594,manhattan,2.0
map20,astar,103.33021279348023,1.7745773792266846,chebyshev,1.0
map20,weighted_astar,122.23580438450176,1.5976366996765137,chebyshev,1.5
map20,weighted_astar,125.86626970967617,1.6214532852172852,chebyshev,2.0
map20,astar,119.84797974644658,0.32335376739501953,euclidean,1.0
map20,weighted_astar,135.83073580374352,0.0226287841796875,euclidean,1.5
map20,weighted_astar,147.22287142747456,0.020034313201904297,euclidean,2.0
map20,astar,183.36069606553002,0.019445180892944336,dist_squared,1.0
map20,weighted_astar,183.36069606553002,0.019315242767333984,dist_squared,1.5
map20,weighted_astar,183.36069606553002,0.019291162490844727,dist_squared,2.0
map47,ucs,73.59797974644661,1.6775097846984863,ucs,1.0
map47,astar,73.59797974644661,0.9171216487884521,euclid_adm,1.0
map47,weighted_astar,73.59797974644661,0.6129076480865479,euclid_adm,1.5
map47,weighted_astar,73.7621933088197,0.34213924407958984,euclid_adm,2.0
map47,astar,77.98706704297261,0.034468889236450195,manhattan,1.0
map47,weighted_astar,133.29646455628165,0.014687776565551758,manhattan,1.5
map47,weighted_astar,136.98885271170678,0.013810157775878906,manhattan,2.0
map47,astar,82.0121933088197,0.023911476135253906,chebyshev,1.0
map47,weighted_astar,74.01587296526006,0.02129507064819336,chebyshev,1.5
map47,weighted_astar,77.129833995939,0.028298377990722656,chebyshev,2.0
map47,astar,73.7621933088197,0.09215831756591797,euclidean,1.0
map47,weighted_astar,114.11879502661793,0.016190052032470703,euclidean,1.5
map47,weighted_astar,102.82222215136412,0.013694047927856445,euclidean,2.0
map47,astar,135.05992052357226,0.013589143753051758,dist_squared,1.0
map47,weighted_astar,138.71677477306469,0.013335227966308594,dist_squared,1.5
map47,weighted_astar,138.71677477306469,0.013219594955444336,dist_squared,2.0
map32,ucs,152.04988270759043,1.5254125595092773,ucs,1.0
map32,astar,152.04988270759043,1.4503929615020752,euclid_adm,1.0
map32,weighted_astar,152.04988270759043,1.3804705142974854,euclid_adm,1.5
map32,weighted_astar,152.04988270759043,1.2424426078796387,euclid_adm,2.0
map32,astar,205.380988335438,0.12262368202209473,manhattan,1.0
map32,weighted_astar,215.41578259316302,0.023657798767089844,manhattan,1.5
map32,weighted_astar,233.17619023324866,0.0220029354095459,manhattan,2.0
map32,astar,174.0250179468751,0.3147871494293213,chebyshev,1.0
map32,weighted_astar,222.22034611053303,0.04999542236328125,chebyshev,1.5
map32,weighted_astar,244.61121907579306,0.028652191162109375,chebyshev,2.0
map32,astar,165.90064927611044,0.31433939933776855,euclidean,1.0
map32,weighted_astar,206.06717151748103,0.04272818565368652,euclidean,1.5
map32,weighted_astar,212.5524528917195,0.026200294494628906,euclidean,2.0
map32,astar,248.14675298172577,0.022182226181030273,dist_squared,1.0
map32,weighted_astar,248.14675298172577,0.021788358688354492,dist_squared,1.5
map32,weighted_astar,248.14675298172577,0.021818161010742188,dist_squared,2.0
map42,ucs,74.07995128834865,1.1523189544677734,ucs,1.0
map42,astar,74.07995128834865,0.8271796703338623,euclid_adm,1.0
map42,weighted_astar,74.07995128834865,0.5850532054901123,euclid_adm,1.5
map42,weighted_astar,77.05482502250157,0.31549739837646484,euclid_adm,2.0
map42,astar,86.42488270759037,0.025101900100708008,manhattan,1.0
map42,weighted_astar,153.50598833543773,0.016806840896606445,manhattan,1.5
map42,weighted_astar,169.929978208661,0.015125274658203125,manhattan,2.0
map42,astar,94.93224202047105,0.751652717590332,chebyshev,1.0
map42,weighted_astar,96.47513523928451,0.639197587966919,chebyshev,1.5
map42,weighted_astar,99.7104166135231,0.5682108402252197,chebyshev,2.0
map42,astar,78.0327470838594,0.04451251029968262,euclidean,1.0
map42,weighted_astar,115.66410524340093,0.020627260208129883,euclidean,1.5
map42,weighted_astar,124.0133476483184,0.015442371368408203,euclidean,2.0
map42,astar,149.13708498984758,0.013884782791137695,dist_squared,1.0
map42,weighted_astar,149.13708498984758,0.013927698135375977,dist_squared,1.5
map42,weighted_astar,149.13708498984758,0.013954877853393555,dist_squared,2.0
map00,ucs,126.83199846221429,1.7134900093078613,ucs,1.0
map00,astar,126.83199846221429,1.7166576385498047,euclid_adm,1.0
map00,weighted_astar,126.83199846221429,1.6063106060028076,euclid_adm,1.5
map00,weighted_astar,126.83199846221429,1.5201256275177002,euclid_adm,2.0
map00,astar,131.07463914933356,0.04089069366455078,manhattan,1.0
map00,weighted_astar,139.5599205235721,0.014916419982910156,manhattan,1.5
map00,weighted_astar,140.3883476483183,0.01554727554321289,manhattan,2.0
map00,astar,126.83199846221429,1.375603437423706,chebyshev,1.0
map00,weighted_astar,133.86753236814704,1.007148265838623,chebyshev,1.5
map00,weighted_astar,147.15180361560894,0.8618543148040771,chebyshev,2.0
map00,astar,126.83199846221429,0.5132684707641602,euclidean,1.0
map00,weighted_astar,131.66042558696049,0.016262054443359375,euclidean,1.5
map00,weighted_astar,136.52438661763946,0.014120340347290039,euclidean,2.0
map00,astar,142.11626970967617,0.013916254043579102,dist_squared,1.0
map00,weighted_astar,143.32337649086273,0.013924121856689453,dist_squared,1.5
map00,weighted_astar,143.32337649086273,0.013916015625,dist_squared,2.0
map29,ucs,102.03122292025695,1.9004247188568115,ucs,1.0
map29,astar,102.03122292025695,1.3699147701263428,euclid_adm,1.0
map29,weighted_astar,102.03122292025695,1.0328342914581299,euclid_adm,1.5
map29,weighted_astar,102.03122292025695,0.8060941696166992,euclid_adm,2.0
map29,astar,107.68807716974935,0.0345454216003418,manhattan,1.0
map29,weighted_astar,129.81727983645288,0.01745915412902832,manhattan,1.5
map29,weighted_astar,163.90790027001879,0.015114068984985352,manhattan,2.0
map29,astar,102.03122292025695,1.8188230991363525,chebyshev,1.0
map29,weighted_astar,102.03122292025695,1.8402419090270996,chebyshev,1.5
map29,weighted_astar,102.03122292025695,1.7955145835876465,chebyshev,2.0
map29,astar,102.03122292025695,0.10611915588378906,euclidean,1.0
map29,weighted_astar,110.77869760331524,0.020330429077148438,euclidean,1.5
map29,weighted_astar,143.21246378738883,0.015143156051635742,euclidean,2.0
map29,astar,161.62236636408605,0.015081405639648438,dist_squared,1.0
map29,weighted_astar,161.62236636408605,0.015042304992675781,dist_squared,1.5
map29,weighted_astar,161.62236636408605,0.015301227569580078,dist_squared,2.0
map11,ucs,150.95736828631814,1.6807982921600342,ucs,1.0
map11,astar,150.95736828631814,1.739314079284668,euclid_adm,1.0
map11,weighted_astar,150.95736828631814,1.72819185256958,euclid_adm,1.5
map11,weighted_astar,150.95736828631814,1.6804537773132324,euclid_adm,2.0
map11,astar,179.95331880577416,0.18595409393310547,manhattan,1.0
map11,weighted_astar,212.92997820866128,0.04499030113220215,manhattan,1.5
map11,weighted_astar,226.5868324581537,0.023705482482910156,manhattan,2.0
map11,astar,164.84062043356602,2.1946237087249756,chebyshev,1.0
map11,weighted_astar,178.5497743886184,1.3329575061798096,chebyshev,1.5
map11,weighted_astar,203.14927829866747,1.0522222518920898,chebyshev,2.0
map11,astar,164.84062043356602,0.4703042507171631,euclidean,1.0
map11,weighted_astar,170.1248916810279,0.021051406860351562,euclidean,1.5
map11,weighted_astar,183.33199846221459,0.020604610443115234,euclidean,2.0
map11,astar,223.97160876900398,0.021915674209594727,dist_squared,1.0
map11,weighted_astar,227.17871555019053,0.021930932998657227,dist_squared,1.5
map11,weighted_astar,227.17871555019053,0.02181553840637207,dist_squared,2.0
map33,ucs,97.30813485483807,1.1783998012542725,ucs,1.0
map33,astar,97.30813485483807,1.073547124862671,euclid_adm,1.0
map33,weighted_astar,97.30813485483807,0.9025802612304688,euclid_adm,1.5
map33,weighted_astar,97.30813485483807,0.9575321674346924,euclid_adm,2.0
map33,astar,97.51524163602463,0.025323867797851562,manhattan,1.0
map33,weighted_astar,167.5586578651015,0.022231101989746094,manhattan,1.5
map33,weighted_astar,176.99368670764602,0.017736434936523438,manhattan,2.0
map33,astar,116.18986283848339,0.8533971309661865,chebyshev,1.0
map33,weighted_astar,114.92209588551704,0.596055269241333,chebyshev,1.5
map33,weighted_astar,115.54341622907668,0.48900699615478516,chebyshev,2.0
map33,astar,132.20331880577396,0.16711902618408203,euclidean,1.0
map33,weighted_astar,123.38834764831837,0.0188291072845459,euclidean,1.5
map33,weighted_astar,129.17020189781076,0.01741647720336914,euclidean,2.0
map33,astar,190.33556979968276,0.01658344268798828,dist_squared,1.0
map33,weighted_astar,192.5426765808693,0.017395734786987305,dist_squared,1.5
map33,weighted_astar,192.5426765808693,0.017157793045043945,dist_squared,2.0
map38,ucs,86.56244584051387,1.649942398071289,ucs,1.0
map38,astar,86.56244584051387,1.331803560256958,euclid_adm,1.0
map38,weighted_astar,89.31675682618969,1.0897417068481445,euclid_adm,1.5
map38,weighted_astar,89.97361107568207,0.910031795501709,euclid_adm,2.0
map38,astar,103.49747468305827,0.04161405563354492,manhattan,1.0
map38,weighted_astar,145.59419177103416,0.014358997344970703,manhattan,1.5
map38,weighted_astar,146.42261889578037,0.014349937438964844,manhattan,2.0
map38,astar,89.31675682618969,0.9757211208343506,chebyshev,1.0
map38,weighted_astar,99.55382386916229,0.8262593746185303,chebyshev,1.5
map38,weighted_astar,100.53174593052013,0.6974437236785889,chebyshev,2.0
map38,astar,104.76093065034884,0.1294727325439453,euclidean,1.0
map38,weighted_astar,108.3172798364529,0.01772475242614746,euclidean,1.5
map38,weighted_astar,121.32337649086274,0.01505589485168457,euclidean,2.0
map38,astar,123.81601717798202,0.016406774520874023,dist_squared,1.0
map38,weighted_astar,134.55865786510134,0.015271902084350586,dist_squared,1.5
map38,weighted_astar,134.55865786510134,0.014739751815795898,dist_squared,2.0
map27,ucs,96.81523266258722,1.7345216274261475,ucs,1.0
map27,astar,96.81523266258722,1.7512333393096924,euclid_adm,1.0
map27,weighted_astar,96.81523266258722,1.4398932456970215,euclid_adm,1.5
map27,weighted_astar,97.96472759919887,1.1048436164855957,euclid_adm,2.0
map27,astar,99.63782463805515,0.1221320629119873,manhattan,1.0
map27,weighted_astar,185.76702730475893,0.04473876953125,manhattan,1.5
map27,weighted_astar,195.4949493661168,0.018117666244506836,manhattan,2.0
map27,astar,103.37894116157196,0.23132109642028809,chebyshev,1.0
map27,weighted_astar,152.19900782009836,0.12805819511413574,chebyshev,1.5
map27,weighted_astar,171.59203627819645,0.13779568672180176,chebyshev,2.0
map27,astar,127.54036790187172,0.27190518379211426,euclidean,1.0
map27,weighted_astar,149.45762979144985,0.019033432006835938,euclidean,1.5
map27,weighted_astar,142.3289501350095,0.018130779266357422,euclidean,2.0
map27,astar,193.98023074035538,0.018503904342651367,dist_squared,1.0
map27,weighted_astar,198.3944443027285,0.017904996871948242,dist_squared,1.5
map27,weighted_astar,198.3944443027285,0.017597675323486328,dist_squared,2.0
map14,ucs,142.38046532517444,1.7167985439300537,ucs,1.0
map14,astar,142.38046532517444,1.823847770690918,euclid_adm,1.0
map14,weighted_astar,142.38046532517444,1.894409418106079,euclid_adm,1.5
map14,weighted_astar,142.38046532517444,1.8795166015625,euclid_adm,2.0
map14,astar,151.90863991822653,0.13063859939575195,manhattan,1.0
map14,weighted_astar,223.54751057680812,0.023624897003173828,manhattan,1.5
map14,weighted_astar,226.37593770155428,0.02315998077392578,manhattan,2.0
map14,astar,149.36574669941308,1.6934807300567627,chebyshev,1.0
map14,weighted_astar,190.41525958289984,1.446523666381836,chebyshev,1.5
map14,weighted_astar,198.44217151748109,1.1002120971679688,chebyshev,2.0
map14,astar,144.11574669941308,0.3100554943084717,euclidean,1.0
map14,weighted_astar,158.404851942814,0.0300905704498291,euclidean,1.5
map14,weighted_astar,214.8808800164655,0.025557518005371094,euclidean,2.0
map14,astar,228.61857838867354,0.024377822875976562,dist_squared,1.0
map14,weighted_astar,228.61857838867354,0.02402973175048828,dist_squared,1.5
map14,weighted_astar,228.61857838867354,0.02324962615966797,dist_squared,2.0
map39,ucs,146.55419369326617,1.6263108253479004,ucs,1.0
map39,astar,146.55419369326617,1.6161863803863525,euclid_adm,1.0
map39,weighted_astar,146.55419369326617,1.5584731101989746,euclid_adm,1.5
map39,weighted_astar,148.31612549695427,1.483241081237793,euclid_adm,2.0
map39,astar,163.44112549695433,0.08800530433654785,manhattan,1.0
map39,weighted_astar,179.3086578651017,0.02113938331604004,manhattan,1.5
map39,weighted_astar,180.9655121145941,0.021094083786010742,manhattan,2.0
map39,astar,147.0468343803855,1.6837470531463623,chebyshev,1.0
map39,weighted_astar,148.0468343803855,1.687809944152832,chebyshev,1.5
map39,weighted_astar,148.31612549695427,1.7113778591156006,chebyshev,2.0
map39,astar,154.69848480983504,0.44799208641052246,euclidean,1.0
map39,weighted_astar,171.37972567696707,0.02244424819946289,euclidean,1.5
map39,weighted_astar,168.4884828876032,0.019832372665405273,euclidean,2.0
map39,astar,195.7424240491753,0.01941204071044922,dist_squared,1.0
map39,weighted_astar,195.7424240491753,0.01934647560119629,dist_squared,1.5
map39,weighted_astar,195.7424240491753,0.01938152313232422,dist_squared,2.0
map26,ucs,94.3602813742386,1.3082242012023926,ucs,1.0
map26,astar,94.3602813742386,0.8656618595123291,euclid_adm,1.0
map26,weighted_astar,94.3602813742386,0.7180802822113037,euclid_adm,1.5
map26,weighted_astar,94.3602813742386,0.47596025466918945,euclid_adm,2.0
map26,astar,119.26524163602467,0.14439058303833008,manhattan,1.0
map26,weighted_astar,181.36017305526642,0.02140974998474121,manhattan,1.5
map26,weighted_astar,185.8809883354377,0.020349740982055664,manhattan,2.0
map26,astar,115.18008652763316,0.49640345573425293,chebyshev,1.0
map26,weighted_astar,176.0696968344224,0.4003422260284424,chebyshev,1.5
map26,weighted_astar,187.35028842544386,0.39616942405700684,chebyshev,2.0
map26,astar,126.1350378159818,0.18439888954162598,euclidean,1.0
map26,weighted_astar,156.08935777509512,0.023546457290649414,euclidean,1.5
map26,weighted_astar,170.5182899632296,0.018570423126220703,euclidean,2.0
map26,astar,190.53784258493008,0.019375324249267578,dist_squared,1.0
map26,weighted_astar,191.74494936611663,0.019318103790283203,dist_squared,1.5
map26,weighted_astar,191.74494936611663,0.019115447998046875,dist_squared,2.0
map12,ucs,149.67335854398794,1.5490236282348633,ucs,1.0
map12,astar,149.67335854398794,1.456946611404419,euclid_adm,1.0
map12,weighted_astar,149.67335854398794,1.4254875183105469,euclid_adm,1.5
map12,weighted_astar,149.67335854398794,1.3241057395935059,euclid_adm,2.0
map12,astar,176.31423150924812,0.1886601448059082,manhattan,1.0
map12,weighted_astar,225.85028842544415,0.031981706619262695,manhattan,1.5
map12,weighted_astar,236.04141392239836,0.02587270736694336,manhattan,2.0
map12,astar,167.0477272147525,0.40258073806762695,chebyshev,1.0
map12,weighted_astar,188.1468613006979,0.048206329345703125,chebyshev,1.5
map12,weighted_astar,225.14065632731598,0.09426355361938477,chebyshev,2.0
map12,astar,165.260930650349,0.34293222427368164,euclidean,1.0
map12,weighted_astar,217.5071426749366,0.03250479698181152,euclidean,1.5
map12,weighted_astar,223.74978336205592,0.023947477340698242,euclidean,2.0
map12,astar,238.3122292025697,0.022822141647338867,dist_squared,1.0
map12,weighted_astar,240.9335495461294,0.02289438247680664,dist_squared,1.5
map12,weighted_astar,240.9335495461294,0.0228879451751709,dist_squared,2.0
map48,ucs,92.94696064623253,1.2732276916503906,ucs,1.0
map48,astar,92.94696064623253,0.9940519332885742,euclid_adm,1.0
map48,weighted_astar,92.94696064623253,0.6752254962921143,euclid_adm,1.5
map48,weighted_astar,92.94696064623253,0.34033918380737305,euclid_adm,2.0
map48,astar,97.91752339470962,0.07387161254882812,manhattan,1.0
map48,weighted_astar,190.16042558696077,0.02631211280822754,manhattan,1.5
map48,weighted_astar,196.85281374238588,0.02231287956237793,manhattan,2.0
map48,astar,93.17272721475246,1.1522436141967773,chebyshev,1.0
map48,weighted_astar,93.17272721475246,1.1249802112579346,chebyshev,1.5
map48,weighted_astar,93.17272721475246,1.0871891975402832,chebyshev,2.0
map48,astar,92.94696064623253,0.15557503700256348,euclidean,1.0
map48,weighted_astar,112.74011537017758,0.02554035186767578,euclidean,1.5
map48,weighted_astar,142.93986283848346,0.022289514541625977,euclidean,2.0
map48,astar,193.40916292848982,0.02106022834777832,dist_squared,1.0
map48,weighted_astar,197.0660171779822,0.02092909812927246,dist_squared,1.5
map48,weighted_astar,197.0660171779822,0.0209958553314209,dist_squared,2.0
map37,ucs,94.8893488016576,1.574575424194336,ucs,1.0
map37,astar,94.8893488016576,1.0675890445709229,euclid_adm,1.0
map37,weighted_astar,94.8893488016576,0.49422240257263184,euclid_adm,1.5
map37,weighted_astar,94.8893488016576,0.22559714317321777,euclid_adm,2.0
map37,astar,155.77133829043456,0.08588147163391113,manhattan,1.0
map37,weighted_astar,181.67135623730945,0.020317554473876953,manhattan,1.5
map37,weighted_astar,183.4777054234135,0.0187375545501709,manhattan,2.0
map37,astar,102.25851365237934,1.576490879058838,chebyshev,1.0
map37,weighted_astar,139.55256121069144,1.5519437789916992,chebyshev,1.5
map37,weighted_astar,150.61132739476508,1.5169296264648438,chebyshev,2.0
map37,astar,98.37463017589619,0.09099698066711426,euclidean,1.0
map37,weighted_astar,141.35459941111975,0.02064228057861328,euclidean,1.5
map37,weighted_astar,172.16767658086914,0.017467975616455078,euclidean,2.0
map37,astar,180.42745289171938,0.016539573669433594,dist_squared,1.0
map37,weighted_astar,180.42745289171938,0.016809701919555664,dist_squared,1.5
map37,weighted_astar,180.42745289171938,0.017101764678955078,dist_squared,2.0
map45,ucs,111.0533008588991,1.6981852054595947,ucs,1.0
map45,astar,111.0533008588991,1.7103493213653564,euclid_adm,1.0
map45,weighted_astar,111.0533008588991,1.3747403621673584,euclid_adm,1.5
map45,weighted_astar,111.0533008588991,0.7584660053253174,euclid_adm,2.0
map45,astar,175.7596679918784,0.18976449966430664,manhattan,1.0
map45,weighted_astar,201.99494936611714,0.04018688201904297,manhattan,1.5
map45,weighted_astar,211.82337649086338,0.02358722686767578,manhattan,2.0
map45,astar,112.69543648263003,1.751068115234375,chebyshev,1.0
map45,weighted_astar,113.8271644662753,1.775888442993164,chebyshev,1.5
map45,weighted_astar,113.9913780286484,1.755859136581421,chebyshev,2.0
map45,astar,132.5698051533946,0.18117213249206543,euclidean,1.0
map45,weighted_astar,174.36753236814724,0.025343656539916992,euclidean,1.5
map45,weighted_astar,192.16652224137076,0.022186279296875,euclidean,2.0
map45,astar,214.20815280171354,0.022204875946044922,dist_squared,1.0
map45,weighted_astar,218.03657992645972,0.021666288375854492,dist_squared,1.5
map45,weighted_astar,218.03657992645972,0.02147221565246582,dist_squared,2.0
map34,ucs,119.14087296526007,1.5601987838745117,ucs,1.0
map34,astar,119.14087296526007,1.449941635131836,euclid_adm,1.0
map34,weighted_astar,119.14087296526007,1.3572759628295898,euclid_adm,1.5
map34,weighted_astar,120.86879502661793,1.2529160976409912,euclid_adm,2.0
map34,astar,133.45305730064243,0.0728614330291748,manhattan,1.0
map34,weighted_astar,149.6894930143796,0.017055034637451172,manhattan,1.5
map34,weighted_astar,154.61626970967623,0.016190767288208008,manhattan,2.0
map34,astar,119.14087296526007,0.5730903148651123,chebyshev,1.0
map34,weighted_astar,143.6604255869606,0.4938945770263672,chebyshev,1.5
map34,weighted_astar,145.98149339882605,0.29181838035583496,chebyshev,2.0
map34,astar,122.95762979144976,0.2733306884765625,euclidean,1.0
map34,weighted_astar,143.4104255869606,0.01869964599609375,euclidean,1.5
map34,weighted_astar,146.91778489984128,0.014760017395019531,euclidean,2.0
map34,astar,159.44469683442244,0.014902830123901367,dist_squared,1.0
map34,weighted_astar,159.44469683442244,0.01503443717956543,dist_squared,1.5
map34,weighted_astar,159.44469683442244,0.014973163604736328,dist_squared,2.0
map31,ucs,99.39518395093586,1.2312805652618408,ucs,1.0
map31,astar,99.39518395093586,0.9332051277160645,euclid_adm,1.0
map31,weighted_astar,99.39518395093586,0.7776069641113281,euclid_adm,1.5
map31,weighted_astar,99.39518395093586,0.6529192924499512,euclid_adm,2.0
map31,astar,102.90559159102152,0.08839011192321777,manhattan,1.0
map31,weighted_astar,124.31980515339461,0.017362356185913086,manhattan,1.5
map31,weighted_astar,128.52691193458116,0.013600349426269531,manhattan,2.0
map31,astar,99.45584412271569,0.251234769821167,chebyshev,1.0
map31,weighted_astar,121.14696961966993,0.09895586967468262,chebyshev,1.5
map31,weighted_astar,121.31118318204302,0.08192086219787598,chebyshev,2.0
map31,astar,99.45584412271569,0.17079472541809082,euclidean,1.0
map31,weighted_astar,115.94112549695424,0.016717910766601562,euclidean,1.5
map31,weighted_astar,124.83452377915603,0.01303410530090332,euclidean,2.0
map31,astar,132.42640687119285,0.012716054916381836,dist_squared,1.0
map31,weighted_astar,134.8761543394987,0.01260995864868164,dist_squared,1.5
map31,weighted_astar,134.8761543394987,0.012600183486938477,dist_squared,2.0
map19,ucs,112.59924240491749,1.5382533073425293,ucs,1.0
map19,astar,112.59924240491749,1.4399466514587402,euclid_adm,1.0
map19,weighted_astar,112.59924240491749,1.3066012859344482,euclid_adm,1.5
map19,weighted_astar,112.59924240491749,1.121077299118042,euclid_adm,2.0
map19,astar,159.23275605729685,0.09270405769348145,manhattan,1.0
map19,weighted_astar,193.06601717798213,0.026499271392822266,manhattan,1.5
map19,weighted_astar,213.03657992645932,0.02252817153930664,manhattan,2.0
map19,astar,148.94569798776166,0.21631884574890137,chebyshev,1.0
map19,weighted_astar,169.82337649086276,0.027267932891845703,chebyshev,1.5
map19,weighted_astar,176.1726188957802,0.02447056770324707,chebyshev,2.0
map19,astar,128.5535623640307,0.21300625801086426,euclidean,1.0
map19,weighted_astar,163.9753967444161,0.02245044708251953,euclidean,1.5
map19,weighted_astar,157.88225099390846,0.02126765251159668,euclidean,2.0
map19,astar,217.93607486307098,0.021041154861450195,dist_squared,1.0
map19,weighted_astar,222.55739520663064,0.02092909812927246,dist_squared,1.5
map19,weighted_astar,222.55739520663064,0.02098226547241211,dist_squared,2.0
map49,ucs,89.8566017177982,1.9408612251281738,ucs,1.0
map49,astar,89.8566017177982,1.529731273651123,euclid_adm,1.0
map49,weighted_astar,90.1850288425444,1.1188685894012451,euclid_adm,1.5
map49,weighted_astar,91.49873734152915,0.8862378597259521,euclid_adm,2.0
map49,astar,100.90254326381657,0.03514814376831055,manhattan,1.0
map49,weighted_astar,162.0500358937499,0.015268087387084961,manhattan,1.5
map49,weighted_astar,164.49978336205575,0.014786005020141602,manhattan,2.0
map49,astar,97.75609665440984,1.393970251083374,chebyshev,1.0
map49,weighted_astar,110.50635815954143,1.132643222808838,chebyshev,1.5
map49,weighted_astar,112.88072683030603,0.8698775768280029,chebyshev,2.0
map49,astar,100.06675682618967,0.10569405555725098,euclidean,1.0
map49,weighted_astar,103.6781925399269,0.01975703239440918,euclidean,1.5
map49,weighted_astar,146.8901333170526,0.015298843383789062,euclidean,2.0
map49,astar,164.74242404917504,0.014862537384033203,dist_squared,1.0
map49,weighted_astar,164.74242404917504,0.014925718307495117,dist_squared,1.5
map49,weighted_astar,164.74242404917504,0.014844655990600586,dist_squared,2.0
map08,ucs,108.6850288425444,1.4233031272888184,ucs,1.0
map08,astar,108.6850288425444,1.2752022743225098,euclid_adm,1.0
map08,weighted_astar,108.6850288425444,1.1458537578582764,euclid_adm,1.5
map08,weighted_astar,108.6850288425444,0.9935152530670166,euclid_adm,2.0
map08,astar,123.62741699796949,0.06742453575134277,manhattan,1.0
map08,weighted_astar,133.1322509939085,0.015376567840576172,manhattan,1.5
map08,weighted_astar,134.78910524340088,0.015253543853759766,manhattan,2.0
map08,astar,109.34188309203677,1.6007654666900635,chebyshev,1.0
map08,weighted_astar,109.65254326381658,1.5756447315216064,chebyshev,1.5
map08,weighted_astar,109.65254326381658,1.605952501296997,chebyshev,2.0
map08,astar,116.11753236814704,0.3888063430786133,euclidean,1.0
map08,weighted_astar,131.98275605729688,0.016494274139404297,euclidean,1.5
map08,weighted_astar,141.08935777509515,0.015093564987182617,euclidean,2.0
map08,astar,133.19595949289325,0.015265941619873047,dist_squared,1.0
map08,weighted_astar,133.19595949289325,0.015842914581298828,dist_squared,1.5
map08,weighted_astar,133.19595949289325,0.01513528823852539,dist_squared,2.0
map15,ucs,81.29594154601838,1.5389609336853027,ucs,1.0
map15,astar,81.29594154601838,0.8769268989562988,euclid_adm,1.0
map15,weighted_astar,81.29594154601838,0.5386667251586914,euclid_adm,1.5
map15,weighted_astar,81.29594154601838,0.32317376136779785,euclid_adm,2.0
map15,astar,88.48338738653224,0.024519920349121094,manhattan,1.0
map15,weighted_astar,150.98632739476517,0.014551401138305664,manhattan,1.5
map15,weighted_astar,164.88582233137691,0.013683080673217773,manhattan,2.0
map15,astar,114.7045814642448,1.5956604480743408,chebyshev,1.0
map15,weighted_astar,124.40737725975558,1.4365696907043457,chebyshev,1.5
map15,weighted_astar,135.49952185692396,1.3805124759674072,chebyshev,2.0
map15,astar,85.69785348059952,0.06545114517211914,euclidean,1.0
map15,weighted_astar,133.6591629284897,0.022495746612548828,euclidean,1.5
map15,weighted_astar,156.98632739476525,0.015256643295288086,euclidean,2.0
map15,astar,164.47160876900384,0.014562129974365234,dist_squared,1.0
map15,weighted_astar,164.47160876900384,0.014683246612548828,dist_squared,1.5
map15,weighted_astar,164.47160876900384,0.014033317565917969,dist_squared,2.0
map41,ucs,72.06307716974936,1.1878924369812012,ucs,1.0
map41,astar,72.06307716974936,0.7045028209686279,euclid_adm,1.0
map41,weighted_astar,72.06307716974936,0.543978214263916,euclid_adm,1.5
map41,weighted_astar,72.06307716974936,0.3921046257019043,euclid_adm,2.0
map41,astar,137.21320343559643,0.07747817039489746,manhattan,1.0
map41,weighted_astar,143.84062043356593,0.018820762634277344,manhattan,1.5
map41,weighted_astar,145.49747468305833,0.018527507781982422,manhattan,2.0
map41,astar,137.04898987322332,0.1030740737915039,chebyshev,1.0
map41,weighted_astar,146.32590180780448,0.014226675033569336,chebyshev,1.5
map41,weighted_astar,147.98275605729685,0.014346122741699219,chebyshev,2.0
map41,astar,72.06307716974936,0.14740848541259766,euclidean,1.0
map41,weighted_astar,138.0416305603426,0.01638174057006836,euclidean,1.5
map41,weighted_astar,138.0416305603426,0.017299175262451172,euclidean,2.0
map41,astar,146.3259018078045,0.018100500106811523,dist_squared,1.0
map41,weighted_astar,146.3259018078045,0.01822638511657715,dist_squared,1.5
map41,weighted_astar,146.3259018078045,0.018315792083740234,dist_squared,2.0
map06,ucs,138.10076656851993,1.7250471115112305,ucs,1.0
map06,astar,138.10076656851993,1.6318659782409668,euclid_adm,1.0
map06,weighted_astar,138.10076656851993,1.5791854858398438,euclid_adm,1.5
map06,weighted_astar,139.2502615051316,1.4100077152252197,euclid_adm,2.0
map06,astar,161.87920266670375,0.3485424518585205,manhattan,1.0
map06,weighted_astar,191.67514421272227,0.029926061630249023,manhattan,1.5
map06,weighted_astar,201.33199846221464,0.022443294525146484,manhattan,2.0
map06,astar,144.75762081801236,1.8176343441009521,chebyshev,1.0
map06,weighted_astar,140.7281835664895,1.879622459411621,chebyshev,1.5
map06,weighted_astar,140.7281835664895,1.844965934753418,chebyshev,2.0
map06,astar,149.29772721475246,0.4444150924682617,euclidean,1.0
map06,weighted_astar,176.81854249492386,0.024559497833251953,euclidean,1.5
map06,weighted_astar,184.77564927611044,0.022329092025756836,euclidean,2.0
map06,astar,203.78174593052046,0.02161717414855957,dist_squared,1.0
map06,weighted_astar,203.78174593052046,0.021575212478637695,dist_squared,1.5
map06,weighted_astar,203.78174593052046,0.021457672119140625,dist_squared,2.0
map18,ucs,121.99137802864841,1.2222604751586914,ucs,1.0
map18,astar,121.99137802864841,1.0739943981170654,euclid_adm,1.0
map18,weighted_astar,121.99137802864841,1.0032689571380615,euclid_adm,1.5
map18,weighted_astar,121.99137802864841,0.8085918426513672,euclid_adm,2.0
map18,astar,122.49137802864841,0.08436298370361328,manhattan,1.0
map18,weighted_astar,131.35533905932732,0.014745235443115234,manhattan,1.5
map18,weighted_astar,134.5979797464466,0.013974666595458984,manhattan,2.0
map18,astar,122.1555915910215,1.8432607650756836,chebyshev,1.0
map18,weighted_astar,139.9238815542511,1.2439544200897217,chebyshev,1.5
map18,weighted_astar,161.03657992645915,1.177490234375,chebyshev,2.0
map18,astar,121.99137802864841,0.21881985664367676,euclidean,1.0
map18,weighted_astar,125.3198051533946,0.015201091766357422,euclidean,1.5
map18,weighted_astar,123.28427124746186,0.013720035552978516,euclidean,2.0
map18,astar,136.04772721475246,0.013733863830566406,dist_squared,1.0
map18,weighted_astar,138.29036790187175,0.013822078704833984,dist_squared,1.5
map18,weighted_astar,138.29036790187175,0.013680696487426758,dist_squared,2.0
map24,ucs,100.2756492761103,1.8326263427734375,ucs,1.0
map24,astar,100.2756492761103,1.9198026657104492,euclid_adm,1.0
map24,weighted_astar,100.2756492761103,1.5622308254241943,euclid_adm,1.5
map24,weighted_astar,100.50788232314393,1.1146430969238281,euclid_adm,2.0
map24,astar,128.59671708797575,0.03197956085205078,manhattan,1.0
map24,weighted_astar,143.55129855222074,0.01353764533996582,manhattan,1.5
map24,weighted_astar,145.58683245815348,0.013316154479980469,manhattan,2.0
map24,astar,105.19417382415917,1.7178094387054443,chebyshev,1.0
map24,weighted_astar,109.57159082212867,1.4848027229309082,chebyshev,1.5
map24,weighted_astar,116.08504678941927,1.3353619575500488,chebyshev,2.0
map24,astar,116.34240610229998,0.23084187507629395,euclidean,1.0
map24,weighted_astar,127.75230867899727,0.016810178756713867,euclidean,1.5
map24,weighted_astar,141.76576464628798,0.01389312744140625,euclidean,2.0
map24,astar,146.7584053334073,0.013556718826293945,dist_squared,1.0
map24,weighted_astar,146.7584053334073,0.013486385345458984,dist_squared,1.5
map24,weighted_astar,146.7584053334073,0.013525962829589844,dist_squared,2.0
